asin,title,imgUrl,productURL,stars,reviews,price,listPrice,category_id,isBestSeller,boughtInLastMonth
B014TMV5YE,"Sion Softside Expandable Roller Luggage, Black, Checked-Large 29-Inch",https://m.media-amazon.com/images/I/815dLQKYIYL._AC_UL320_.jpg,https://www.amazon.com/dp/B014TMV5YE,4.5,0,139.99,0.0,104,False,2000
B07GDLCQXV,Luggage Sets Expandable PC+ABS Durable Suitcase Double Wheels TSA Lock Blue,https://m.media-amazon.com/images/I/81bQlm7vf6L._AC_UL320_.jpg,https://www.amazon.com/dp/B07GDLCQXV,4.5,0,169.99,209.99,104,False,1000
B07XSCCZYG,"Platinum Elite Softside Expandable Checked Luggage, 8 Wheel Spinner Suitcase, TSA Lock, Men and Women, True Navy Blue, Checked Medium 25-Inch",https://m.media-amazon.com/images/I/71EA35zvJBL._AC_UL320_.jpg,https://www.amazon.com/dp/B07XSCCZYG,4.6,0,365.49,429.99,104,False,300
B08MVFKGJM,"Freeform Hardside Expandable with Double Spinner Wheels, Navy, 2-Piece Set (21/28)",https://m.media-amazon.com/images/I/91k6NYLQyIL._AC_UL320_.jpg,https://www.amazon.com/dp/B08MVFKGJM,4.6,0,291.59,354.37,104,False,400
B01DJLKZBA,"Winfield 2 Hardside Expandable Luggage with Spinner Wheels, Checked-Large 28-Inch, Deep Blue",https://m.media-amazon.com/images/I/61NJoaZcP9L._AC_UL320_.jpg,https://www.amazon.com/dp/B01DJLKZBA,4.5,0,174.99,309.99,104,False,400
B07XSCD2R4,"Maxlite 5 Softside Expandable Luggage with 4 Spinner Wheels, Lightweight Suitcase, Men and Women, Sapphire Blue, Carry-On 21-Inch",https://m.media-amazon.com/images/I/61LnBNsSBSL._AC_UL320_.jpg,https://www.amazon.com/dp/B07XSCD2R4,4.5,0,144.49,0.0,104,False,500
B07MXF4G8K,"Hard Shell Carry on Luggage Airline Approved, Carry on Suitcases with Wheels, Lightweight PC Luminous Textured Travel Luggage, TSA Approved, 20 Inch Small Carry-On, Black",https://m.media-amazon.com/images/I/71CghLYrnAL._AC_UL320_.jpg,https://www.amazon.com/dp/B07MXF4G8K,4.5,0,169.99,0.0,104,False,400
B07H515VCZ,"Maxporter II 30"" Hardside Spinner Trunk Luggage, Expandable, Navy",https://m.media-amazon.com/images/I/81f3h+YHOXL._AC_UL320_.jpg,https://www.amazon.com/dp/B07H515VCZ,4.5,0,299.99,0.0,104,False,100
B08BXBCNMQ,"Omni 2 Hardside Expandable Luggage with Spinner Wheels, Checked-Large 28-Inch, Arctic Silver",https://m.media-amazon.com/images/I/91eOWP4mySL._AC_UL320_.jpg,https://www.amazon.com/dp/B08BXBCNMQ,4.5,0,112.63,137.04,104,False,500
B0B9K44XTS,Luggage Sets Expandable Lightweight Suitcases with Wheels PC+ABS Durable Travel Luggage TSA Lock Navy Blue 4pcs,https://m.media-amazon.com/images/I/81dsv5GrCLL._AC_UL320_.jpg,https://www.amazon.com/dp/B0B9K44XTS,4.4,0,209.99,0.0,104,False,200
B07QZLHTTY,"Crew Versapack Softside Expandable 8 Spinner Wheel Luggage, USB Port, Men and Women, Patriot Blue, Checked Medium 25-Inch",https://m.media-amazon.com/images/I/71py6bRiEwL._AC_UL320_.jpg,https://www.amazon.com/dp/B07QZLHTTY,4.7,0,271.99,319.99,104,False,100
B01HIATG6I,"Chatelet Hard+ Hardside Luggage with Spinner Wheels, Champagne White, Checked-Large 28 Inch, with Brake",https://m.media-amazon.com/images/I/81W+B3pWiQL._AC_UL320_.jpg,https://www.amazon.com/dp/B01HIATG6I,4.6,0,259.6,413.33,104,False,100
B07QXD3J9G,"Crew Versapack Softside Expandable 8 Spinner Wheel Luggage, USB Port, Men and Women, Jet Black, Carry on 20-Inch",https://m.media-amazon.com/images/I/71tFi58LKwL._AC_UL320_.jpg,https://www.amazon.com/dp/B07QXD3J9G,4.5,0,323.99,0.0,104,False,100
B081JDHNX1,"Centric 2 Hardside Expandable Luggage with Spinners, True Navy, 3-Piece Set (20/24/28)",https://m.media-amazon.com/images/I/81UXQZdNZzL._AC_UL320_.jpg,https://www.amazon.com/dp/B081JDHNX1,4.5,0,399.92,699.97,104,False,100
B07DMBG7CX,Xpedition 30 Inch Multi-Pocket Upright Rolling Duffel Bag,https://m.media-amazon.com/images/I/81QKjgbsq4L._AC_UL320_.jpg,https://www.amazon.com/dp/B07DMBG7CX,4.3,0,42.0,0.0,104,False,300
B0B2X1BDFH,"Stratum 2.0 Expandable Hardside Luggage with Spinner Wheels, 28"" SPINNER, Slate Blue",https://m.media-amazon.com/images/I/91qkFv-txyL._AC_UL320_.jpg,https://www.amazon.com/dp/B0B2X1BDFH,4.5,0,89.95,139.99,104,False,300
B00GI3572E,"Women's Spinner Mobile Office, Black, One Size",https://m.media-amazon.com/images/I/91qdE638dxL._AC_UL320_.jpg,https://www.amazon.com/dp/B00GI3572E,4.6,0,164.99,174.99,104,False,200
B084P184MG,"Ascella X Softside Expandable Luggage with Spinners, Black, Checked-Large 29-Inch",https://m.media-amazon.com/images/I/910PxQKAThL._AC_UL320_.jpg,https://www.amazon.com/dp/B084P184MG,4.5,0,198.41,209.99,104,False,100
B094LVRCZD,"Boren Polycarbonate Hardside Rugged Travel Suitcase Luggage with 8 Spinner Wheels, Aluminum Handle, Black, Checked-Large 30-Inch",https://m.media-amazon.com/images/I/611EC7sEWMS._AC_UL320_.jpg,https://www.amazon.com/dp/B094LVRCZD,3.9,0,99.99,0.0,104,False,300
B072Z7K96L,Clear PVC Suitcase Cover Protectors 28 Inch Luggage Cover for Wheeled Suitcase (28''(24.80''H x 19.90''L x 12.40''W)),https://m.media-amazon.com/images/I/71TXWZwZ1+L._AC_UL320_.jpg,https://www.amazon.com/dp/B072Z7K96L,4.2,0,17.99,19.99,104,False,1000
B09WXLYG6C,"Aspire DLX Softside Expandable Luggage with Spinner Wheels, Checked-Medium 25-Inch, Emerald",https://m.media-amazon.com/images/I/81CSqVSqRqL._AC_UL320_.jpg,https://www.amazon.com/dp/B09WXLYG6C,4.6,0,130.29,159.99,104,False,200
B07FDK2FVQ,"Winfield 3 DLX Hardside Luggage with Spinners, 3-Piece Set (20/25/28), Blue/Navy",https://m.media-amazon.com/images/I/A1+6d8uX30L._AC_UL320_.jpg,https://www.amazon.com/dp/B07FDK2FVQ,4.3,0,366.53,779.97,104,False,50
B07FNSKMST,"Oxford Expandable Spinner Luggage Suitcase with TSA Lock - 30.1 Inch, Black",https://m.media-amazon.com/images/I/71bezdtW3bL._AC_UL320_.jpg,https://www.amazon.com/dp/B07FNSKMST,4.5,0,119.47,0.0,104,False,100
B09R35YK22,"Chatelet Hardside 2.0 Luggage with Spinner Wheels, Chocolate Brown, Checked-Medium 24 Inch",https://m.media-amazon.com/images/I/81FWe7OhKyL._AC_UL320_.jpg,https://www.amazon.com/dp/B09R35YK22,4.5,0,276.0,369.99,104,False,50
B084LP1JLY,"Anzio Softside Expandable Spinner Luggage, Teal, Checked-Large 30-Inch",https://m.media-amazon.com/images/I/81mOcwTCenL._AC_UL320_.jpg,https://www.amazon.com/dp/B084LP1JLY,4.1,0,98.62,149.99,104,False,300
B0040A6BWW,"Amsterdam Expandable Rolling Upright Luggage, Orange, Checked-Large 29-Inch",https://m.media-amazon.com/images/I/81uOx9GRHXL._AC_UL320_.jpg,https://www.amazon.com/dp/B0040A6BWW,4.2,0,89.9,121.25,104,False,200
B074ZKXZ74,"4 Kix Expandable Softside Luggage with Spinner Wheels, Black/Grey, Carry-On 21-Inch",https://m.media-amazon.com/images/I/71up+O-9Z4L._AC_UL320_.jpg,https://www.amazon.com/dp/B074ZKXZ74,4.6,0,78.83,99.99,104,False,300
B08KYF6CN7,"4010 Softside Luggage with Spinner Wheels, Black, Checked-Medium 23-Inch",https://m.media-amazon.com/images/I/71PwUmss1xL._AC_UL320_.jpg,https://www.amazon.com/dp/B08KYF6CN7,4.5,0,123.25,144.99,104,False,200
B0B12RQ9YJ,"Platinum Elite Hardside Expandable Spinner Wheel Luggage TSA Lock Hard Shell Polycarbonate Suitcase, Dark Sky Blue, Checked Large 28-Inch",https://m.media-amazon.com/images/I/71ODDM27JSL._AC_UL320_.jpg,https://www.amazon.com/dp/B0B12RQ9YJ,4.4,0,399.49,469.99,104,False,50
B084YXHFCL,"Road Runner Carry On Luggage, 20‘‘ Lightweight PC Hardside Luggage with Front Pocket, Rolling Suitcase with Spinner Wheels, Travel Suitcase for Women & Men, TSA Locks-Black",https://m.media-amazon.com/images/I/712vb1PwfJL._AC_UL320_.jpg,https://www.amazon.com/dp/B084YXHFCL,4.4,0,179.99,0.0,104,False,100
B0BRSX4YGF,"Helium DLX Softside Expandable Luggage with Spinner Wheels, Navy Blue, Checked-Medium 25 Inch",https://m.media-amazon.com/images/I/817hycblvFL._AC_UL320_.jpg,https://www.amazon.com/dp/B0BRSX4YGF,4.4,0,168.86,0.0,104,False,100
B07MMMJP3P,Alpha 3 Extended Trip Expandable 4-Wheeled Packing Case Suitcase - Great for Extended Travel of Shared Packing - Rolling Luggage for Men and Women - Black,https://m.media-amazon.com/images/I/81t9rYijQVL._AC_UL320_.jpg,https://www.amazon.com/dp/B07MMMJP3P,3.9,0,1395.0,0.0,104,False,0
B0936PG85J,Luggage Sets 3 Piece Softside Expandable Lightweight Durable Suitcase Sets Double Spinner Wheels TSA Lock Blue (20in/24in/28in),https://m.media-amazon.com/images/I/81iKTQrJwYL._AC_UL320_.jpg,https://www.amazon.com/dp/B0936PG85J,4.5,0,151.99,0.0,104,False,100
B08GDP3LMH,"Sympatico Hardside Large Spinner Luggage, Matte Navy, 30-Inch Checked",https://m.media-amazon.com/images/I/8188Q5g-YuL._AC_UL320_.jpg,https://www.amazon.com/dp/B08GDP3LMH,4.6,0,769.0,0.0,104,False,0
B07BL9J2YP,"Maxlite 5 Softside Expandable Upright 2 Wheel Luggage, Lightweight Suitcase, Men and Women, Black, Checked-Medium 26-Inch",https://m.media-amazon.com/images/I/61sDfuDxhkL._AC_UL320_.jpg,https://www.amazon.com/dp/B07BL9J2YP,4.5,0,186.99,0.0,104,False,50
B017993CKY,"Silverwood Polycarbonate Hardside Expandable Spinner Luggage, Brushed Metal, Checked-Large 30-Inch",https://m.media-amazon.com/images/I/916h9KNgKYL._AC_UL320_.jpg,https://www.amazon.com/dp/B017993CKY,4.4,0,157.8,188.0,104,False,50
B0BXD8PG8D,"Retrogade Luggage Expandable 8-Wheel Spinner Lightweight Hardside Suitcase, Botanical Green, 28-inch Checked",https://m.media-amazon.com/images/I/61iTg+nFjVL._AC_UL320_.jpg,https://www.amazon.com/dp/B0BXD8PG8D,4.7,0,149.99,0.0,104,False,100
B0873QVTG7,"ZDX Luggage, Hunter, Checked-Medium 26-Inch",https://m.media-amazon.com/images/I/91iIv7oMYPL._AC_UL320_.jpg,https://www.amazon.com/dp/B0873QVTG7,4.6,0,579.0,0.0,104,False,0
B07YD3VZCG,"Elegance Carry On Suitcase, 20” Hardside Luggage with TSA Lock, Spinner Wheels-Black, 20-Inch",https://m.media-amazon.com/images/I/616M1sp0a1L._AC_UL320_.jpg,https://www.amazon.com/dp/B07YD3VZCG,4.4,0,199.99,259.99,104,False,50
B087TMNQNS,Chasm Sport Duffel Bag,https://m.media-amazon.com/images/I/61zeJnscnTL._AC_UL320_.jpg,https://www.amazon.com/dp/B087TMNQNS,4.8,0,145.02,169.95,104,False,100
B09H19P7CY,"Ultimax II 26"" Medium Trunk Spinner Luggage, Tie Down Straps, Matte Navy, Checked Inch",https://m.media-amazon.com/images/I/61RsVxJlOeL._AC_UL320_.jpg,https://www.amazon.com/dp/B09H19P7CY,4.6,0,179.99,0.0,104,False,50
B0BS8N7VLY,"Helium DLX Softside Luggage Under-Seater with 2 Wheels, Navy Blue, Carry on 16 Inch",https://m.media-amazon.com/images/I/81HsUyDNK3L._AC_UL320_.jpg,https://www.amazon.com/dp/B0BS8N7VLY,3.9,0,108.0,139.99,104,False,100
B0B42B6NBQ,"Luggage 10-Piece Sets,ABS Hardside Suitcase with Spinner Wheels,TSA Lock Luggage Sets for Women and Men (Black)…",https://m.media-amazon.com/images/I/71Jpjr3VIXL._AC_UL320_.jpg,https://www.amazon.com/dp/B0B42B6NBQ,4.4,0,199.98,0.0,104,False,50
B07J9Q3YJ9,"Disney Mickey Mouse 25 Inch Rolling Luggage, Hardside Suitcase with Spinner Wheels, Black",https://m.media-amazon.com/images/I/61JzlOG68pL._AC_UL320_.jpg,https://www.amazon.com/dp/B07J9Q3YJ9,4.2,0,77.99,189.99,104,False,100
B07VGVBVW9,"Torq Hardside Luggage, Stealth, Checked-X-Large Trunk 32-Inch",https://m.media-amazon.com/images/I/81Gg1bpMakL._AC_UL320_.jpg,https://www.amazon.com/dp/B07VGVBVW9,4.2,0,729.0,0.0,104,False,0
B0BLMSS3TT,"Carry On Luggage 22x14x9 Airline Approved, 1OO% PC Lightweight Carry On Hardside Suitcase, 20 Inch Hard Shell Luggage with Spinner Wheels, Waterproof Rolling Suitcase, Silver Gray",https://m.media-amazon.com/images/I/71Zm6eg23zL._AC_UL320_.jpg,https://www.amazon.com/dp/B0BLMSS3TT,4.3,0,84.79,109.99,104,False,100
B071L7V8YH,suitcases Softside Spinner,https://m.media-amazon.com/images/I/71qhXzPsfcL._AC_UL320_.jpg,https://www.amazon.com/dp/B071L7V8YH,4.4,0,102.75,0.0,104,False,50
B0BTZZ24ZK,"Saire LTE Softside Expandable Luggage Wheels, Black, Medium Spinner",https://m.media-amazon.com/images/I/714eAQ24mWL._AC_UL320_.jpg,https://www.amazon.com/dp/B0BTZZ24ZK,4.5,0,168.97,0.0,104,False,50
B0C89RR1VS,24 Inch Luggage Suitcase Lightweight with Spinner Wheels TSA Lock Hardside Medium Checked Luggage Durable Rolling Suitcase Black,https://m.media-amazon.com/images/I/51g2hxn+2bL._AC_UL320_.jpg,https://www.amazon.com/dp/B0C89RR1VS,4.6,0,89.99,99.99,104,False,0
B0BJ2BPX67,"Luggage Sets 4-Piece (16/20/24/28)"" Expandable Suitcases with Wheels PC+ABS Durable Hardside Luggage Clearance OliveGreen",https://m.media-amazon.com/images/I/811m7pjPnxL._AC_UL320_.jpg,https://www.amazon.com/dp/B0BJ2BPX67,4.4,0,209.99,0.0,104,False,0
B0C2ZSDYFH,Luggage Covers For Suitcase Tsa Approved Luggage Cover PVC Clear Suitcase Covers for Luggage Waterproof Suitcase Cover Fits 28inch Travel Case,https://m.media-amazon.com/images/I/71djhyL+IsL._AC_UL320_.jpg,https://www.amazon.com/dp/B0C2ZSDYFH,3.9,0,18.65,0.0,104,False,0
B001DWK4NM,"Amsterdam Expandable Rolling Upright Luggage, Burgundy, Checked-Medium 25-Inch",https://m.media-amazon.com/images/I/71D-CSCQN2L._AC_UL320_.jpg,https://www.amazon.com/dp/B001DWK4NM,4.2,0,85.25,0.0,104,False,600
B09SBYYDRH,"7739 Hardside Luggage Trunk with Spinner Wheels, Blush, 2-Piece Set (19/26)",https://m.media-amazon.com/images/I/91WNcDrbhBL._AC_UL320_.jpg,https://www.amazon.com/dp/B09SBYYDRH,4.6,0,257.96,299.99,104,False,0
B0BJ5X9LXZ,20 Inch Carry On Luggage Hard Shell Suitcases with Wheels Lightweight Travel Luggage for Weekender Suitcase with Lock Rolling Luggage with Front Pocket(Cuban Sand),https://m.media-amazon.com/images/I/61ZnxpditaL._AC_UL320_.jpg,https://www.amazon.com/dp/B0BJ5X9LXZ,4.4,0,169.89,0.0,104,False,50
B07V6MZQP4,"Women’s Spontaneous 31-inch Softside Spinner Wheel Luggage, Integrated TSA Accepted Lock, Black Noir, Checked-Large",https://m.media-amazon.com/images/I/61BAX4Gu3xL._AC_UL320_.jpg,https://www.amazon.com/dp/B07V6MZQP4,4.6,0,282.13,0.0,104,False,0
B08XMYH4L2,"Chatelet Air Hardside Luggage, Spinner Wheels, Chocolate Brown, Checked-Medium 24 Inch",https://m.media-amazon.com/images/I/81YGJqYe2oL._AC_UL320_.jpg,https://www.amazon.com/dp/B08XMYH4L2,4.6,0,269.99,0.0,104,False,50
B09NL1XGRT,Luggage Set 2PCS Suitcase PC+ABS Carry On Luggage with Spinner Wheel,https://m.media-amazon.com/images/I/61LGokca0OL._AC_UL320_.jpg,https://www.amazon.com/dp/B09NL1XGRT,4.2,0,139.99,0.0,104,False,200
B0BKKXDVVM,"Luggage Suitcases With Spinner Wheels,Upgrade Wide Handle PC Hardshell Rolling Travel Suitcase with TSA Lock, Checked-Medium 24-Inch, Smoke White",https://m.media-amazon.com/images/I/61Y-d+1zhVL._AC_UL320_.jpg,https://www.amazon.com/dp/B0BKKXDVVM,4.4,0,199.99,0.0,104,False,50
B07MK2KDF1,Alpha Short Trip Expandable 4-Wheeled Packing Case - Roller Bag for Short Trips & Weekend Getaways - Carry-On Luggage with 4 Spinner Wheels - Travel Suitcase for Men & Women - Black,https://m.media-amazon.com/images/I/71Dsvyw7ElL._AC_UL320_.jpg,https://www.amazon.com/dp/B07MK2KDF1,4.4,0,1195.0,0.0,104,False,0
B0C9938WYL,"Large Luggage Suitcase with Wheels, Check-in 24 Inch Harside Bag with 70/30 Split, Wet Dry Separation, TSA Lock for Travel, Women, Checked-Medium Hard Shell Trunk (White)",https://m.media-amazon.com/images/I/71uu0xutL4L._AC_UL320_.jpg,https://www.amazon.com/dp/B0C9938WYL,4.8,0,129.99,0.0,104,False,50
B07WNKXYYB,"Out of Bounds, Rose Gold, 24-Inch Checked",https://m.media-amazon.com/images/I/81fMpNkyrZL._AC_UL320_.jpg,https://www.amazon.com/dp/B07WNKXYYB,4.4,0,99.99,0.0,104,False,100
B00MQF5QR4,"Titanium Hardside Expandable Luggage with Spinner Wheels, Silver, Checked-Large 29 Inch,207183011",https://m.media-amazon.com/images/I/71KaGdlEP1L._AC_UL320_.jpg,https://www.amazon.com/dp/B00MQF5QR4,4.4,0,169.99,0.0,104,False,0
B092CVP1V8,"Road Runner Pro Carry-On Luggage, 20” Lightweight PC Hardside Suitcase with USB Charging Port, Spinner Trolley for Luggage with Front Compartment, TSA Lock (Black)",https://m.media-amazon.com/images/I/61Fio99UvyL._AC_UL320_.jpg,https://www.amazon.com/dp/B092CVP1V8,4.2,0,209.99,0.0,104,False,50
B074WMWL1R,"Luggage Aluminium Frame Suitcase TSA Lock 100% PC 20in 24in 28in (Sliver, L(28in))",https://m.media-amazon.com/images/I/61Zv2kuCyfL._AC_UL320_.jpg,https://www.amazon.com/dp/B074WMWL1R,4.3,0,159.99,0.0,104,False,50
B07JQPB359,26 Inch Checked Luggage Collection - Expandable Scratch Resistant (ABS + PC) Hardside Suitcase - Designer Lightweight Bag with 8-Rolling Spinner Wheels (Girls Print),https://m.media-amazon.com/images/I/91grt91OXUL._AC_UL320_.jpg,https://www.amazon.com/dp/B07JQPB359,4.6,0,169.99,0.0,104,False,0
B0BS8MMV15,"Carry On Luggage Suitcase with Spinner Wheels Hardshell Lightweight Rolling Suitcases PC with Cover & TSA Lock for Business Travel,20inch, Avocado Green",https://m.media-amazon.com/images/I/51Mv23dPdFL._AC_UL320_.jpg,https://www.amazon.com/dp/B0BS8MMV15,4.0,0,155.99,0.0,104,False,0
B0BY1JGGRP,Luggage Aluminium Frame Suitcase PC ABS Hard Shell TSA Lock No Zipper 28In Sakura Pink,https://m.media-amazon.com/images/I/612ZjlBrh6L._AC_UL320_.jpg,https://www.amazon.com/dp/B0BY1JGGRP,4.1,0,149.99,189.99,104,False,0
B084LNQ2CS,"Anzio Softside Expandable Spinner Luggage, Burgundy, Checked-Medium 26-Inch",https://m.media-amazon.com/images/I/81hFTHGiFQL._AC_UL320_.jpg,https://www.amazon.com/dp/B084LNQ2CS,4.1,0,76.11,114.99,104,False,100
B07B4TBHTP,"7366 Hardside Expandable Luggage with Spinner Wheels, White, Checked-Large 27-Inch",https://m.media-amazon.com/images/I/61mUGe4K+QL._AC_UL320_.jpg,https://www.amazon.com/dp/B07B4TBHTP,4.6,0,154.99,0.0,104,False,50
B07G1RYDDH,"Unisex-Adult Bold Softside Expandable Rollaboard Upright Luggage, Olive/Black, Checked-Large 28-Inch",https://m.media-amazon.com/images/I/91r695OsR9L._AC_UL320_.jpg,https://www.amazon.com/dp/B07G1RYDDH,4.6,0,460.0,0.0,104,False,0
B0B38Y9PVM,"3PCS Clear PVC Suitcase Cover Protectors Transparent Luggage Cover Waterproof Wheeled Suitcase Dust Cover Dustproof Travel Luggage Sleeve Protector 20""+24""+28""(3PCS)",https://m.media-amazon.com/images/I/71n1FcXl99L._AC_UL320_.jpg,https://www.amazon.com/dp/B0B38Y9PVM,4.0,0,22.79,24.79,104,False,400
B07DK7S5TT,Travel Luggage Cover Suitcase Protector Fits 18-32 Inch Luggage,https://m.media-amazon.com/images/I/51INSJvERZL._AC_UL320_.jpg,https://www.amazon.com/dp/B07DK7S5TT,4.3,0,17.99,21.99,104,False,400
B09XMLCQN4,Luggage Sets Expandable ABS Hardshell 3pcs Clearance Luggage Hardside Lightweight Durable Suitcase sets Spinner Wheels Suitcase with TSA Lock (Black),https://m.media-amazon.com/images/I/71OnrskuxvL._AC_UL320_.jpg,https://www.amazon.com/dp/B09XMLCQN4,4.5,0,179.99,0.0,104,False,0
B07FNJXLX6,"Vienna Spinner Suitcase Luggage - Expandable with Wheels - 26.7 Inch, Black",https://m.media-amazon.com/images/I/81NWjyJiPlL._AC_UL320_.jpg,https://www.amazon.com/dp/B07FNJXLX6,4.3,0,101.32,0.0,104,False,50
B0BDLYKQPZ,"3 Pieces Clear Luggage Covers for Suitcase Waterproof Luggage Protector Luggage Protective Cover for Travel (Fits Most 20"" to 28"" Luggage)",https://m.media-amazon.com/images/I/71QybQfhEwL._AC_UL320_.jpg,https://www.amazon.com/dp/B0BDLYKQPZ,4.1,0,22.98,0.0,104,False,300
B07G23DCNL,"Bold-Softside Expandable Luggage with Spinner Wheels, Blue/Black, Checked-Medium 26-Inch",https://m.media-amazon.com/images/I/91goVfbZDkL._AC_UL320_.jpg,https://www.amazon.com/dp/B07G23DCNL,4.5,0,212.49,249.99,104,False,0
B07GNWPT8C,"Geometric Travel Luggage Expandable Suitcase Spinner with Wheels and Built-In TSA Lock, 21.7-Inch - Pink",https://m.media-amazon.com/images/I/81dYj3YPlCL._AC_UL320_.jpg,https://www.amazon.com/dp/B07GNWPT8C,4.6,0,83.17,0.0,104,False,100
B078KVYFCQ,"Helium Aero Hardside Expandable Luggage with Spinner Wheels, Blue Cobalt, 3-Piece Set (21/25/29)",https://m.media-amazon.com/images/I/71FTr4k1ihL._AC_UL320_.jpg,https://www.amazon.com/dp/B078KVYFCQ,4.4,0,399.99,0.0,104,False,0
B07GLNNQWF,"Werks Traveler 6.0 Softside Spinner Luggage, Blue, Checked-Large (27"") (605412)",https://m.media-amazon.com/images/I/81SwUrzO8iL._AC_UL320_.jpg,https://www.amazon.com/dp/B07GLNNQWF,4.6,0,650.0,0.0,104,False,0
B0B3X4CH2R,"GinzaTravel Trunk Luggage, 28 Inch Luggage with Spinner Wheels, Scratch resistant texture Lightweight PC material with TSA Lock（Family Travel Series ） (Black)",https://m.media-amazon.com/images/I/719HAO2Kv1L._AC_UL320_.jpg,https://www.amazon.com/dp/B0B3X4CH2R,4.2,0,109.97,119.97,104,False,50
B0BN4CTWBF,"Evolve SE Hardside Expandable Luggage with Double Wheels, Matte Burgundy, Large Spinner",https://m.media-amazon.com/images/I/91jnf6Egh8L._AC_UL320_.jpg,https://www.amazon.com/dp/B0BN4CTWBF,4.5,0,155.0,199.99,104,False,100
B083LTWRH7,"Carry On Luggage Hard Shell Travel Trolley 4 Spinner Wheels Lightweight Polypropylene Suitcase with TSA Lock (Carry-On 21-Inch, Green)",https://m.media-amazon.com/images/I/51dLLz87UsL._AC_UL320_.jpg,https://www.amazon.com/dp/B083LTWRH7,4.4,0,89.99,99.99,104,False,0
B0BS8X313Z,"Carry On Luggage 20'' Suitcase with Spinner Wheels Hardshell Lightweight Rolling Suitcases PC with Cover & TSA Lock for Business Travel, Sapphire Blue",https://m.media-amazon.com/images/I/61a0jaAzmaL._AC_UL320_.jpg,https://www.amazon.com/dp/B0BS8X313Z,4.3,0,160.99,0.0,104,False,0
B0C61B5V1F,Luggage Expandable PC ABS Durable Hardside Suitcase with Spinner Wheels TSA Lock Checked-Medium 24 Inch LightGreen,https://m.media-amazon.com/images/I/71ed4BQCGGL._AC_UL320_.jpg,https://www.amazon.com/dp/B0C61B5V1F,4.6,0,109.99,0.0,104,False,0
B081KR1T8K,"Belle Voyage Softside Luggage with Spinner Wheels, red, Checked-Medium 25-Inch",https://m.media-amazon.com/images/I/81ZNbpqoJSL._AC_UL320_.jpg,https://www.amazon.com/dp/B081KR1T8K,4.6,0,78.9,0.0,104,False,50
B0BNJHHTG6,"Luggage PC+ABS Durable Expandable Hardside Suitcase with Double Spinner Wheels TSA Lock 28-Inch, Blue",https://m.media-amazon.com/images/I/81wzGhUq0OL._AC_UL320_.jpg,https://www.amazon.com/dp/B0BNJHHTG6,4.6,0,129.99,0.0,104,False,50
B0BJFJ772Y,"Luggage Cover 3 Pieces Clear PVC Suitcase Covers Protector for Tsa Approved, Suitcase Cover Set for 20 24 28 inch Luggage.",https://m.media-amazon.com/images/I/71IEkbxlrWL._AC_UL320_.jpg,https://www.amazon.com/dp/B0BJFJ772Y,4.3,0,29.99,0.0,104,False,200
B0BNX2P6S9,20'' Carry on Luggage Lightweight with Spinner Wheel TSA Lock Hardside Luggage Airline Approved Carry on Suitcase Cream White,https://m.media-amazon.com/images/I/61PQ5EWxYlL._AC_UL320_.jpg,https://www.amazon.com/dp/B0BNX2P6S9,4.6,0,59.99,0.0,104,False,100
B0BZ4LY43M,"All Aluminum Luggage Zipperless Hard Shell Suitcase with TSA Lock Spinner Wheels Lightweight Metal Alloy Suitcases (Silver, 28 inch)",https://m.media-amazon.com/images/I/71EaIEhKCnL._AC_UL320_.jpg,https://www.amazon.com/dp/B0BZ4LY43M,4.2,0,449.99,0.0,104,False,0
B01N0QT1UZ,"Subterra Carry On Roller 22""",https://m.media-amazon.com/images/I/51HwsbMdzmL._AC_UL320_.jpg,https://www.amazon.com/dp/B01N0QT1UZ,4.5,0,359.95,0.0,104,False,0
B07MX2BYB5,Alpha 3 Worldwide Trip Expandable 4-Wheeled Packing Case - Large Suitcase with Top and Side-Grab Handles - Black,https://m.media-amazon.com/images/I/81kf9Mm4WIL._AC_UL320_.jpg,https://www.amazon.com/dp/B07MX2BYB5,3.7,0,1495.0,0.0,104,False,0
B0B6LT4ST4,"Sky Max 2.0 Softside Expandable Luggage with Spinner Wheels, Blue, Checked-Medium, 24 Inch",https://m.media-amazon.com/images/I/814AO8mmsmL._AC_UL320_.jpg,https://www.amazon.com/dp/B0B6LT4ST4,4.3,0,159.99,169.99,104,False,50
B089CZ9N1M,"Reaction ""Madison Square"" Women's Lightweight Hardside Chevron Expandable Spinner Luggage, 28-inch Checked, Black With Gold Zippers",https://m.media-amazon.com/images/I/61K-NjoGJeL._AC_UL320_.jpg,https://www.amazon.com/dp/B089CZ9N1M,4.1,0,185.0,0.0,104,False,0
B08N814FSS,"Clavel Hardside Expandable Luggage with Spinner Wheels, Blue Jean, Checked-Medium 25 Inch",https://m.media-amazon.com/images/I/81JigS5a8LL._AC_UL320_.jpg,https://www.amazon.com/dp/B08N814FSS,4.1,0,150.38,209.76,104,False,0
B0CCCTL2ZM,Luggage Aluminium Frame Suitcase PC ABS Hard Shell TSA Lock No Zipper 28In Haze Blue,https://m.media-amazon.com/images/I/619qFXjMHIL._AC_UL320_.jpg,https://www.amazon.com/dp/B0CCCTL2ZM,4.1,0,189.99,0.0,104,False,0
B07YH2XB8B,Subterra Carry On Spinner,https://m.media-amazon.com/images/I/61Kk60qOiSL._AC_UL320_.jpg,https://www.amazon.com/dp/B07YH2XB8B,4.6,0,348.0,379.95,104,False,0
B0BPS6ZSZ9,Luggage PC ABS Hardside Lightweight Suitcase with 4 Universal Wheels TSA Lock Checked-Large 28 Inch Black,https://m.media-amazon.com/images/I/61TDMavvTnL._AC_UL320_.jpg,https://www.amazon.com/dp/B0BPS6ZSZ9,4.6,0,129.99,0.0,104,False,0
B0BFQLJVM1,"20 Inch Carry On with Front Pocket, 22x14.6x10in, 45L, Lightweight ABS+PC Hardshell Suitcase with TSA Lock, YKK Zipper & 4 Spinner Silent Wheels, Orange",https://m.media-amazon.com/images/I/61AQeOfAHXL._AC_UL320_.jpg,https://www.amazon.com/dp/B0BFQLJVM1,4.4,0,112.99,0.0,104,False,50
B09QYJ9TLJ,"Grace Luggage, 28” Hardside Suitcase, ABS+PC Harshell Spinner Luggage with TSA Lock, Spinner Wheels - Black, 28 Inch",https://m.media-amazon.com/images/I/611t6azQQpL._AC_UL320_.jpg,https://www.amazon.com/dp/B09QYJ9TLJ,4.6,0,239.99,0.0,104,False,0
B0B3HZPKMS,19 Degree Short Trip Expandable 4 Wheeled Packing Case - Navy,https://m.media-amazon.com/images/I/61F3qJQBbaL._AC_UL320_.jpg,https://www.amazon.com/dp/B0B3HZPKMS,3.9,0,895.0,0.0,104,False,0
B0BP6D16P3,"Carry On Luggage Airline Approved, Softside Suitcase with Spinner Wheels 20 Inch Small Lightweight Carry-on Luggage with Front Pockets, Women Men Business Travel (Black)",https://m.media-amazon.com/images/I/71TvhF3V2fL._AC_UL320_.jpg,https://www.amazon.com/dp/B0BP6D16P3,4.4,0,85.99,99.99,104,False,50
B07ZSWKZYN,"Moonlight Hardside Expandable Luggage with Spinner Wheels, Black Marble, Checked-Large 28-Inch",https://m.media-amazon.com/images/I/71kmLlCMzWL._AC_UL320_.jpg,https://www.amazon.com/dp/B07ZSWKZYN,4.5,0,139.99,0.0,104,False,0
B0BRSNNR32,28 Inch Luggage Softside Expandable Luggage Checked luggage Large Suitcase with Lock Travel Luggage Suitcases with Wheels Upright Rolling Luggage for Women Men Weekender,https://m.media-amazon.com/images/I/712rmvlGDqL._AC_UL320_.jpg,https://www.amazon.com/dp/B0BRSNNR32,4.4,0,155.54,0.0,104,False,0
B0C2JQWZRZ,"Sky Lite Softside Expandable Luggage with Spinner Wheels, Green, Checked-Large 28 Inch",https://m.media-amazon.com/images/I/71JIXWHj9xL._AC_UL320_.jpg,https://www.amazon.com/dp/B0C2JQWZRZ,2.0,0,109.99,0.0,104,False,50
B07MGGMX8N,Alpha 3 Medium Trip Expandable 4-Wheeled Packing Case - Large Suitcase with Top and Side-Grab Handles - Black,https://m.media-amazon.com/images/I/71zKKZJEhVL._AC_UL320_.jpg,https://www.amazon.com/dp/B07MGGMX8N,4.3,0,1295.0,0.0,104,False,0
B0C7BF9GRR,Multifunctional 26 Inch Checked Luggage Hard Shell Suitcases with Wheels Tsa Approved Luggage Large Suitcase Travel Luggage for Women & Men Rolling Luggage Bags for Weekender(Blackish Green),https://m.media-amazon.com/images/I/719ERJgP0BL._AC_UL320_.jpg,https://www.amazon.com/dp/B0C7BF9GRR,0.0,0,239.89,0.0,104,False,0
B0CCNRN9B1,"3 Pieces Thicken Clear Luggage Cover Protector, 20"" 24"" 28"" PVC Luggage Covers for Suitcase Waterproof Dustproof Anti-scratch Travel Suitcase Covers Case for Wheeled Luggage",https://m.media-amazon.com/images/I/71Eh7XoStxL._AC_UL320_.jpg,https://www.amazon.com/dp/B0CCNRN9B1,3.9,0,20.99,0.0,104,False,100
B07QZLJBNK,"Crew Versapack Softside Expandable 8 Spinner Wheel Luggage, USB Port, Men and Women, Perfect Plum, Checked Large 29-Inch",https://m.media-amazon.com/images/I/71aRwh8uHFL._AC_UL320_.jpg,https://www.amazon.com/dp/B07QZLJBNK,4.7,0,297.49,0.0,104,False,0
B07HGHBMSS,"Tourlite Softside Expandable Upright 2 Wheel Luggage, Lightweight Suitcase, Men and Women, Black, Carry-On 22-Inch",https://m.media-amazon.com/images/I/91vggdQJ1sL._AC_UL320_.jpg,https://www.amazon.com/dp/B07HGHBMSS,4.4,0,144.49,0.0,104,False,0
B0C148Z9RT,"24 Inch Suitcase with Separate Compartment, Water-resistant Large Suitcase with Spinner Wheels, TSA Lock, Business Classic Travel Suitcase, Black",https://m.media-amazon.com/images/I/81fdcTO5ZfL._AC_UL320_.jpg,https://www.amazon.com/dp/B0C148Z9RT,5.0,0,99.99,159.99,104,False,0
B0BBQ8MWV8,B|Y Ulisse Spinner Suitcase - 21 Inch Carry-On Luggage - Hard Exterior and TSA-Approved Lock,https://m.media-amazon.com/images/I/515WOcfvvOL._AC_UL320_.jpg,https://www.amazon.com/dp/B0BBQ8MWV8,4.5,0,143.2,0.0,104,False,0
B09TSJ4G8V,"3 Pieces Clear Luggage Cover PVC Suitcase Luggage Cover Protector Waterproof Cover for Luggage Cover (Black Border, Regular Style)",https://m.media-amazon.com/images/I/710ELETf41L._AC_UL320_.jpg,https://www.amazon.com/dp/B09TSJ4G8V,4.0,0,22.98,24.98,104,False,200
B0BTL1LDHN,"29 Inch Luggage Suitcases With Spinner Wheels Lightweight PC hardside Rolling Suitcase With TSA Lock, Checked-Large 29-Inch（Cuba Sand）",https://m.media-amazon.com/images/I/71hTEbuIyRL._AC_UL320_.jpg,https://www.amazon.com/dp/B0BTL1LDHN,4.5,0,209.99,0.0,104,False,0
B0BNJ4MDB4,"Checked Luggage Wide Handle Luxury Design Rolling Travel Suitcase PC Hardside with Aluminum Frame Hollow Spinner Wheels, with Cover, 24 inch, Smoke White",https://m.media-amazon.com/images/I/615kL1+Rs4L._AC_UL320_.jpg,https://www.amazon.com/dp/B0BNJ4MDB4,4.3,0,224.99,249.99,104,False,0
B0CDXDV1BB,"Hard Sided Luggage with Spinner Wheels,Expandable Suitcases with TSA Lock (28"" Checked-Large, Deep Blue)…",https://m.media-amazon.com/images/I/81g6xFyry1L._AC_UL320_.jpg,https://www.amazon.com/dp/B0CDXDV1BB,4.5,0,129.99,139.99,104,False,0
B07414Y4CF,"Luggage Protector Suitcase Cover PVC Waterproof Travel Suitcase Fits Most 20"" to 30""(28"")",https://m.media-amazon.com/images/I/51HrVvkFGBL._AC_UL320_.jpg,https://www.amazon.com/dp/B07414Y4CF,4.1,0,16.49,0.0,104,False,200
B01N4R4WTI,Croco PVC Designer Luggage - Lightweight Expandable 28 Inch Suitcase for Women - Large Durable Bag with 4-Rolling Spinner Wheels (Burgendy),https://m.media-amazon.com/images/I/9185I7rkdcL._AC_UL320_.jpg,https://www.amazon.com/dp/B01N4R4WTI,4.5,0,169.9,0.0,104,False,0
B0BXS556Z8,"Checked Luggage 24 inch, 100% PC Large Suitcase with Wheels, Hardside Suitcase TSA Approved Medium Hard Case Travel Luggage (Beige)",https://m.media-amazon.com/images/I/61m7yO-xMTL._AC_UL320_.jpg,https://www.amazon.com/dp/B0BXS556Z8,4.4,0,139.99,0.0,104,False,0
B09DTRZ57Q,"Reaction Diamond Tower Luggage Lightweight Hardside Expandable 8-Wheel Spinner Travel Suitcase, Black, 28-Inch Checked",https://m.media-amazon.com/images/I/81SsTIbXyuS._AC_UL320_.jpg,https://www.amazon.com/dp/B09DTRZ57Q,4.4,0,159.99,0.0,104,False,0
B07DNJPVK4,"25"" Upright Luggage with 8 Spinner Wheels, Clay",https://m.media-amazon.com/images/I/61ziIHCHc0L._AC_UL320_.jpg,https://www.amazon.com/dp/B07DNJPVK4,4.4,0,108.13,119.99,104,False,0
B09GFLYP5H,"Luggage, Aluninum Hardside Suitcase With TSA Lock (Silver, 25 inch Check-In Medium)",https://m.media-amazon.com/images/I/61KY1mQkGpL._AC_UL320_.jpg,https://www.amazon.com/dp/B09GFLYP5H,4.1,0,369.0,0.0,104,False,0
B09K7GXLVT,Luggage Sets (Only 28in Expandable)Carry on Suitcase with Spinner Wheels,https://m.media-amazon.com/images/I/71UmtS6mDsL._AC_UL320_.jpg,https://www.amazon.com/dp/B09K7GXLVT,4.3,0,129.99,0.0,104,False,50
B0C3C9W1NZ,"28 Inch Luggage, Expandable Suitcase Checked Luggage, PC Hard Case Luggage with TSA Lock Spinner Wheels YKK Zippers (Green)",https://m.media-amazon.com/images/I/61Rb8gqJ7-L._AC_UL320_.jpg,https://www.amazon.com/dp/B0C3C9W1NZ,4.7,0,129.99,0.0,104,False,0
B07VC7SJFM,"Star Wars Hardside Spinner Wheel Luggage, Intergalactic, Checked-Large 28-Inch",https://m.media-amazon.com/images/I/A1Ztnmem1dL._AC_UL320_.jpg,https://www.amazon.com/dp/B07VC7SJFM,4.7,0,157.93,0.0,104,False,0
B0C6J52B9G,"20 Inch suitcase, Travel Case, User-Friendly Front Door, Usb Charging, Silent Wheel, Tsa Lock, Hook, Phone Holder, Dry Wet Separation, Pc Material, Aluminum Frame, Multi Lever, Cup Holder",https://m.media-amazon.com/images/I/715Y8cXeVFL._AC_UL320_.jpg,https://www.amazon.com/dp/B0C6J52B9G,0.0,0,159.0,189.0,104,False,0
B0BJ2VD445,Evolve SE Hardside Expandable Luggage with Spinners | Alpine Green | 2PC SET (Carry-on/Medium),https://m.media-amazon.com/images/I/81TzPPdnk8L._AC_UL320_.jpg,https://www.amazon.com/dp/B0BJ2VD445,4.5,0,309.49,0.0,104,False,0
B0BFF5YT3L,"3 Pieces Travel Luggage Cover Suitcase Protector Anti Scratch Suitcase Cover Washable Baggage Covers (Vintage Theme, Medium Size)",https://m.media-amazon.com/images/I/811jurRIfpL._AC_UL320_.jpg,https://www.amazon.com/dp/B0BFF5YT3L,4.0,0,24.98,0.0,104,False,100
B0CFYX6FVC,"Spinners, Plum, 29-inch Baseline Large Expandable",https://m.media-amazon.com/images/I/51h8K4SDP8L._AC_UL320_.jpg,https://www.amazon.com/dp/B0CFYX6FVC,0.0,0,869.0,0.0,104,False,0
B09X5ZGJR2,"Sugar Skull Travel Suitcase with Wheels - Spinner Rolling Luggage Bag for Traveling - 14.2"" x 21.5"" x 8.7"" Hard Shell Spinner Carry On Baggage for Vacations, Weekender, Traveler Calavera Skeleton Bags",https://m.media-amazon.com/images/I/819cIwwA6eL._AC_UL320_.jpg,https://www.amazon.com/dp/B09X5ZGJR2,4.4,0,149.99,0.0,104,False,0
B07YH2NJ7R,Subterra Spinner 63cm/25 Black,https://m.media-amazon.com/images/I/61Ib-BMYaFL._AC_UL320_.jpg,https://www.amazon.com/dp/B07YH2NJ7R,4.2,0,419.95,0.0,104,False,0
B0BYZRSR65,26 Inch Luggage Large Suitcase With Spinner Wheels Tsa Luggage Suitcases Traveler's Choice Hard Case Luggage For Women & Men Rolling Checked Luggage(Graphite Grey),https://m.media-amazon.com/images/I/61vS+8xEJkL._AC_UL320_.jpg,https://www.amazon.com/dp/B0BYZRSR65,4.6,0,189.99,0.0,104,False,0
B09NXHMK5L,"Duo-Tone 31"" Softside Checked 8 Wheel Spinner, Peach/Sea Teal",https://m.media-amazon.com/images/I/71W2xtc1XyL._AC_UL320_.jpg,https://www.amazon.com/dp/B09NXHMK5L,4.2,0,94.84,0.0,104,False,0
B0BHZP6K1Z,3 Pieces Clear Luggage Cover Suitcase Cover Luggage Protector Suitcase Cover for Luggage Set of 3 Luggage Covers for Suitcase (20-24-28Inch),https://m.media-amazon.com/images/I/61yrXSMdK3L._AC_UL320_.jpg,https://www.amazon.com/dp/B0BHZP6K1Z,3.9,0,24.99,0.0,104,False,200
B09NXM54Z5,"Duo-Tone 27"" Softside Checked 8 Wheel Spinner, Fuschia Red/Magnet",https://m.media-amazon.com/images/I/61LCeysLNgL._AC_UL320_.jpg,https://www.amazon.com/dp/B09NXM54Z5,4.3,0,81.31,0.0,104,False,0
B08R6PWN3R,"Ultimax 30"" Hardside Spinner Trunk Luggage,Expandable, Teal",https://m.media-amazon.com/images/I/61OuQvyhLRL._AC_UL320_.jpg,https://www.amazon.com/dp/B08R6PWN3R,4.5,0,299.99,0.0,104,False,0
B07PJVHZ1P,"B|Y Ulisse Expandable Spinner Suitcase - 28"" & 30"" Inch Travel Luggage with TSA-Approved Lock and Hardside Exterior - Multiple Color Options",https://m.media-amazon.com/images/I/81WJQr104CL._AC_UL320_.jpg,https://www.amazon.com/dp/B07PJVHZ1P,4.5,0,259.0,0.0,104,False,0
B09R2MH2MH,"Cruise 3.0 Hardside Expandable Luggage with Spinner Wheels, Platinum, Checked-Medium 24 Inch",https://m.media-amazon.com/images/I/91yZ5iuH5tL._AC_UL320_.jpg,https://www.amazon.com/dp/B09R2MH2MH,4.3,0,168.99,219.99,104,False,0
B0BN6VDMSD,"Census 32"" Softside Checked 8 Wheel Spinner, Grey Skin",https://m.media-amazon.com/images/I/71gJhXJyLpL._AC_UL320_.jpg,https://www.amazon.com/dp/B0BN6VDMSD,0.0,0,134.99,149.99,104,False,0
B0C2YKR496,"Carry on Luggage, Mixi Suitcase Spinner Wheels Luggage Hardshell Lightweight Rolling Suitcases PC with Cover & TSA Lock for Business Travel",https://m.media-amazon.com/images/I/51jLSgLp1JL._AC_UL320_.jpg,https://www.amazon.com/dp/B0C2YKR496,4.5,0,159.99,0.0,104,False,0
B0C61GCR5S,Luggage Expandable PC ABS Durable Hardside Suitcase with Spinner Wheels TSA Lock Checked-Large 28 Inch LightGreen,https://m.media-amazon.com/images/I/61s1VkBpECL._AC_UL320_.jpg,https://www.amazon.com/dp/B0C61GCR5S,4.6,0,139.99,0.0,104,False,0
B0C5ND2298,"8028 Hardside Expandable Spinner Luggage, Black/White, Checked-Large 28-Inch",https://m.media-amazon.com/images/I/41VRGUKAx2L._AC_UL320_.jpg,https://www.amazon.com/dp/B0C5ND2298,4.2,0,137.74,0.0,104,False,0
B0BJDWDT8T,"Suitcase, 20"" Carry On Luggage 14"" Mini Cosmetic Cases Luggage Sets Hardside PC ABS Lightweight USB Suitcase with Wheels TSA (2 Piece Set 14/20, White)",https://m.media-amazon.com/images/I/518JPJHDF7L._AC_UL320_.jpg,https://www.amazon.com/dp/B0BJDWDT8T,4.4,0,99.99,109.99,104,False,50
B0BPSD2252,"Luggage Hard Shell Suitcases Airline Approved Carry On Luggage 22x14x9 TSA Approved Luggage Suite Case with Wheels Travel Luggage Wide Handle 20 Inch Suitcase for Women Man, White",https://m.media-amazon.com/images/I/61Je0AhD5kL._AC_UL320_.jpg,https://www.amazon.com/dp/B0BPSD2252,4.2,0,189.99,0.0,104,False,0
B07QC16SCF,Clear PVC Suitcase Cover Protectors 28 Inch Transparent Travel Luggage Covers for Suitcase Tsa Approved,https://m.media-amazon.com/images/I/61xq-OfeGvL._AC_UL320_.jpg,https://www.amazon.com/dp/B07QC16SCF,4.3,0,18.99,19.99,104,False,100
B0BCPJZXM3,"Intrepid 32"" Softside Checked 8 Wheel Expandable Spinner with TSA Lock, Black",https://m.media-amazon.com/images/I/71NIED5hd8L._AC_UL320_.jpg,https://www.amazon.com/dp/B0BCPJZXM3,4.5,0,149.99,189.99,104,False,0
B06XB2ZKVN,Designer Luggage - Checked Large 28 Inch Softside Suitcase - Expandable for Extra Packing Capacity - Lightweight Bag with Rolling Spinner Wheels (Harlo Black),https://m.media-amazon.com/images/I/91g3OQFLG4L._AC_UL320_.jpg,https://www.amazon.com/dp/B06XB2ZKVN,4.4,0,169.99,0.0,104,False,0
B082VWS452,"St. Tropez Hardside Expandable Luggage with Spinner Wheels, Pink, Checked-Large 28 Inch",https://m.media-amazon.com/images/I/71tCJpJwldL._AC_UL320_.jpg,https://www.amazon.com/dp/B082VWS452,4.2,0,239.0,280.8,104,False,0
B087H47ZWP,"REACTION Renegade_Collection, Cilantro, 24-Inch Checked",https://m.media-amazon.com/images/I/71k3WNQpECL._AC_UL320_.jpg,https://www.amazon.com/dp/B087H47ZWP,4.5,0,129.99,0.0,104,False,0
B07G4SRQC8,"Standard, Black, std",https://m.media-amazon.com/images/I/910NnGbHieL._AC_UL320_.jpg,https://www.amazon.com/dp/B07G4SRQC8,4.5,0,58.7,0.0,104,False,0
B0BN4DQ2YC,"Cascade Hardside Expandable Luggage Wheels, Purple Haze, 24-Inch Spinner",https://m.media-amazon.com/images/I/81KoTJ8UJGL._AC_UL320_.jpg,https://www.amazon.com/dp/B0BN4DQ2YC,4.2,0,87.75,149.99,104,False,0
B0B4V7S4NM,"Lares Softside Expandable Luggage with Spinner Wheels, Purple, Checked 30-Inch",https://m.media-amazon.com/images/I/71tv++fH+PL._AC_UL320_.jpg,https://www.amazon.com/dp/B0B4V7S4NM,4.2,0,149.99,0.0,104,False,0
B0B7WSMJXY,Travelkin Luggage Cover Washable Suitcase Cover Suitcase Protector Anti-scratch Suitcase cover Fits 18-32 Inch Luggage(L for 26-28 Inch Luggage),https://m.media-amazon.com/images/I/61s7Tavsq-L._AC_UL320_.jpg,https://www.amazon.com/dp/B0B7WSMJXY,4.2,0,19.99,0.0,104,False,100
B07JQ9H54X,26 Inch Checked Luggage Collection - Expandable Scratch Resistant (ABS + PC) Hardside Suitcase - Designer Lightweight Bag with 8-Rolling Spinner Wheels (Stripe Roses),https://m.media-amazon.com/images/I/81U+PFaLf8L._AC_UL320_.jpg,https://www.amazon.com/dp/B07JQ9H54X,4.6,0,169.99,0.0,104,False,0
B071YF98T8,"Luggage Large 28"" Expandable Softside Suitcase With Spinner Wheels (28in, Legends Turquoise)",https://m.media-amazon.com/images/I/71jHMUgX+RL._AC_UL320_.jpg,https://www.amazon.com/dp/B071YF98T8,4.6,0,165.99,0.0,104,False,0
B09VYKMQ7M,"Intervolve 32"" Hardside Checked 8 Wheel Expandable Spinner, Dark Olive",https://m.media-amazon.com/images/I/71Bn4N5C7HL._AC_UL320_.jpg,https://www.amazon.com/dp/B09VYKMQ7M,4.1,0,158.99,169.99,104,False,0
B07FQSF6H7,"30 Inch Checked Luggage Collection - Expandable Scratch Resistant (ABS + PC) Hardside Suitcase - Designer Lightweight Bag with 8-Rolling Spinner Wheels (Flamingo Strut, 30in)",https://m.media-amazon.com/images/I/91E6gGlxDoL._AC_UL320_.jpg,https://www.amazon.com/dp/B07FQSF6H7,4.4,0,174.99,189.99,104,False,0
B073V9DJ3F,"Melbourne Hardside Expandable Spinner Wheel Luggage, Two Tone Blue, 2-Piece Set (20/28)",https://m.media-amazon.com/images/I/81wBQvDP9SL._AC_UL320_.jpg,https://www.amazon.com/dp/B073V9DJ3F,4.2,0,99.0,0.0,104,False,0
B08Y19BQHQ,"Travelkin Luggage Covers For Suitcase Tsa Approved,Suitcase Cover Protector Fit 18-32 Inch Luggage",https://m.media-amazon.com/images/I/61yGMJD-EAL._AC_UL320_.jpg,https://www.amazon.com/dp/B08Y19BQHQ,4.4,0,19.99,0.0,104,False,100
B07ZLM6KM7,Luggage Cover Suitcase Cover Suitcase Protector Fit 26-28 Inch Luggage,https://m.media-amazon.com/images/I/71eNAx30A2L._AC_UL320_.jpg,https://www.amazon.com/dp/B07ZLM6KM7,4.4,0,19.99,0.0,104,False,100
B0B3M4Z4GN,"Expectant 32"" Softside Checked 8 Wheel Expandable Spinner, Red",https://m.media-amazon.com/images/I/71ODf9YCYnL._AC_UL320_.jpg,https://www.amazon.com/dp/B0B3M4Z4GN,0.0,0,159.69,179.99,104,False,0
B07TVP1HGP,"Star Wars Hardside Spinner Wheel Luggage, Galaxy, Checked-Large 28-Inch",https://m.media-amazon.com/images/I/91DtYitFD+L._AC_UL320_.jpg,https://www.amazon.com/dp/B07TVP1HGP,4.5,0,169.96,0.0,104,False,0
B0BC8J3NQ4,"Luggage Cover Suitcase Cover Protector Luggage Protector Suitcase Cover Clear Luggage Cover Trunk Luggage Covers for Suitcase (Transparent, 32inch)",https://m.media-amazon.com/images/I/41Aqa+hAVUL._AC_UL320_.jpg,https://www.amazon.com/dp/B0BC8J3NQ4,3.4,0,18.99,0.0,104,False,100
B09F752LXD,"Maker Hardside Spinner Luggage, Navy/Yellow, Checked-Large 29-Inch",https://m.media-amazon.com/images/I/81Uw3cYz3GL._AC_UL320_.jpg,https://www.amazon.com/dp/B09F752LXD,4.8,0,118.18,0.0,104,False,0
B0B6JLSY1G,"20/24/28 inch Set PVC Luggage Protector Covers,Clear Suitcase Cover Protector,20 Inch Transparent Luggage Protective Cover Case for Wheeled Suitcase",https://m.media-amazon.com/images/I/71a2R+0b9RL._AC_UL320_.jpg,https://www.amazon.com/dp/B0B6JLSY1G,4.4,0,39.99,0.0,104,False,50
B0BZ5BV143,"8018 Hardside Expandable Luggage with Spinner Wheels, Black, Checked-Large 27-Inch",https://m.media-amazon.com/images/I/51EeMW06-rL._AC_UL320_.jpg,https://www.amazon.com/dp/B0BZ5BV143,3.3,0,132.65,139.99,104,False,0
B00J9YQM0U,"Spinner (82 cm-122 L), Grey (Graphite), XL (82cm-122L)",https://m.media-amazon.com/images/I/914orCP6pcL._AC_UL320_.jpg,https://www.amazon.com/dp/B00J9YQM0U,4.5,0,480.74,0.0,104,False,0
B0BYTG7MSY,"8090 Hardside Expandable Luggage with Spinner Wheels, Black, Checked-Large 28-Inch",https://m.media-amazon.com/images/I/41DqwRHD5QL._AC_UL320_.jpg,https://www.amazon.com/dp/B0BYTG7MSY,4.0,0,152.58,0.0,104,False,0
B07YH2MZR7,"Subterra Luggage 55cm/22""",https://m.media-amazon.com/images/I/61ZoOzJWEqL._AC_UL320_.jpg,https://www.amazon.com/dp/B07YH2MZR7,4.7,0,374.95,0.0,104,False,0
B0C951YYJ5,"MaXpace 31"" Softside UltraLight Checked Spinner, Dark Brown Camo",https://m.media-amazon.com/images/I/916o+PPeYvL._AC_UL320_.jpg,https://www.amazon.com/dp/B0C951YYJ5,5.0,0,82.6,0.0,104,False,0
B0BJCY9LD2,Luggage Sets 3 Piece PC ABS Hardside Lightweight Suitcase with 4 Universal Wheels TSA Lock Carry On 20 24 28 Inch Violet Purple,https://m.media-amazon.com/images/I/71c5XxZ+1hL._AC_UL320_.jpg,https://www.amazon.com/dp/B0BJCY9LD2,4.5,0,189.99,0.0,104,False,0
B09F73C5RC,"Birch Hardside Spinner Luggage, Navy/Orange, Checked-Large 29-Inch",https://m.media-amazon.com/images/I/71R3sburApL._AC_UL320_.jpg,https://www.amazon.com/dp/B09F73C5RC,4.7,0,129.99,0.0,104,False,0
B09VYL7DVR,"Encompass 31"" Hardside Checked 8 Wheel Expandable Spinner, Cream",https://m.media-amazon.com/images/I/714tBLKZrRL._AC_UL320_.jpg,https://www.amazon.com/dp/B09VYL7DVR,3.3,0,129.99,169.99,104,False,0
B0C8BRBK8C,Alpha 3 Short Trip Expandable 4 Wheeled Packing Case,https://m.media-amazon.com/images/I/815nE7jFc3L._AC_UL320_.jpg,https://www.amazon.com/dp/B0C8BRBK8C,0.0,0,1195.0,0.0,104,False,0
B0BS91QXJQ,"Suitcase Spinner Wheels 26'' Checked Luggage Hardshell Lightweight Rolling Suitcases PC with Cover & TSA Lock for Business Travel, Avocado Green",https://m.media-amazon.com/images/I/611MluW8m6L._AC_UL320_.jpg,https://www.amazon.com/dp/B0BS91QXJQ,4.3,0,194.99,0.0,104,False,0
B07BK6TCKY,"Softside Replacement Luggage Suitcase Spinner Wheels, Pack of 4, One Size, Black",https://m.media-amazon.com/images/I/61noE6lQS9L._AC_UL320_.jpg,https://www.amazon.com/dp/B07BK6TCKY,3.7,0,15.2,0.0,104,False,100
B0849FZHLN,"Zoom Turbo Softside Expandable Spinner Wheel Luggage, Black, Checked-Medium 25-Inch",https://m.media-amazon.com/images/I/916NDbc9SVL._AC_UL320_.jpg,https://www.amazon.com/dp/B0849FZHLN,4.5,0,118.99,169.99,104,False,0
B084XTGNT6,"Reaction Chelsea Luggage Chevron, Black, 24-Inch Checked",https://m.media-amazon.com/images/I/91kwBPr619L._AC_UL320_.jpg,https://www.amazon.com/dp/B084XTGNT6,4.4,0,174.0,0.0,104,False,0
B0BH6N9WMT,"Airconic Hardside Expandable Luggage with Spinners, Deep Orchid, 2PC SET (Carry-on/Large)",https://m.media-amazon.com/images/I/81lQQrl0ByL._AC_UL320_.jpg,https://www.amazon.com/dp/B0BH6N9WMT,3.8,0,0.0,0.0,104,False,0
B07CC61F2D,"Hardside Spinner Luggage With Built-In TSA Lock, 21-Inch, Carry-on, Navy Blue",https://m.media-amazon.com/images/I/71SJLG-HZNL._AC_UL320_.jpg,https://www.amazon.com/dp/B07CC61F2D,4.4,0,86.06,0.0,104,False,0
B00S087RPU,"Printed Luggage Cover, Black, Large",https://m.media-amazon.com/images/I/814Hy8IUncL._AC_UL320_.jpg,https://www.amazon.com/dp/B00S087RPU,4.1,0,29.99,39.99,104,False,50
B0BH9DL82Y,"4 KIX 2.0 Softside Expandable Luggage with Spinners, Black, 3PC (CO/MED/LG)",https://m.media-amazon.com/images/I/91quX26fgZL._AC_UL320_.jpg,https://www.amazon.com/dp/B0BH9DL82Y,4.5,0,0.0,0.0,104,False,0
B0BZL1YHWR,Clear Suitcase Cover - 20 24 26 28 30 Inch Waterproof PVC Suitcase Cover - Transparent Travel Suitcase Wrap - Protective Cover Case for Wheeled Luggage (28-Inch),https://m.media-amazon.com/images/I/51+pnVkqr8L._AC_UL320_.jpg,https://www.amazon.com/dp/B0BZL1YHWR,3.9,0,14.99,0.0,104,False,100
B09P325QVM,"Freeland Carry On Luggage with X-Large Spinner Wheels, Expandable Hardside Travel Luggage, Rolling Suitcase TSA Approved (20-Inch, Yellow)",https://m.media-amazon.com/images/I/61+vMhT02DL._AC_UL320_.jpg,https://www.amazon.com/dp/B09P325QVM,4.3,0,119.98,0.0,104,False,0
B09V8YQWGT,"Divinity II 28"" Softside Checked 8 Wheel Spinner, Black",https://m.media-amazon.com/images/I/61NKdnv3t0L._AC_UL320_.jpg,https://www.amazon.com/dp/B09V8YQWGT,4.0,0,139.99,0.0,104,False,0
B083T859X8,"Disney Softside Luggage with Spinner Wheels, Minnie Mouse Denim, Checked-Large 28-Inch",https://m.media-amazon.com/images/I/91h-Xb5EL+L._AC_UL320_.jpg,https://www.amazon.com/dp/B083T859X8,4.8,0,160.99,219.99,104,False,0
B089DJ363K,"7585 Hardside Expandable Luggage with Spinner Wheels, Silver, Checked-Medium 23-Inch",https://m.media-amazon.com/images/I/81rkF06oryL._AC_UL320_.jpg,https://www.amazon.com/dp/B089DJ363K,4.4,0,134.15,0.0,104,False,0
B0BXLLHHVG,Carry On Luggage Airline Approved Hard Shell Suitcase with Spinner Wheels TSA Luggage Travel Suitcases Wide Handle for Men Women(Graphite Grey),https://m.media-amazon.com/images/I/61isDY19oOL._AC_UL320_.jpg,https://www.amazon.com/dp/B0BXLLHHVG,4.0,0,229.99,0.0,104,False,0
B0BNZ86C8J,Clear PVC Luggage Cover Protectors 30 Inch Suitcase Cover for Suitcase TSA Approved 29-32Inch (27.16''H x 20.27''L x 12.40''W),https://m.media-amazon.com/images/I/71PcflrEV6L._AC_UL320_.jpg,https://www.amazon.com/dp/B0BNZ86C8J,4.2,0,19.99,21.99,104,False,100
B09V99P3M3,"Citywide 33"" Softside Checked 8 Wheel Spinner, Charcoal",https://m.media-amazon.com/images/I/71tQWdJtioL._AC_UL320_.jpg,https://www.amazon.com/dp/B09V99P3M3,4.1,0,134.99,149.99,104,False,0
B07YFP1ZRQ,Full Transparent Luggage Protector Cover Thicken Suitcase Protector Cover,https://m.media-amazon.com/images/I/51qz3SD29rL._AC_UL320_.jpg,https://www.amazon.com/dp/B07YFP1ZRQ,4.3,0,21.99,0.0,104,False,50
B0BW1XS499,"SWERV DLX 28-Inch Tall Lightweight Hardside Travel Suitcase with 4 Spinner Wheels, Telescoping Handle, and TSA Lock, Solar Rose",https://m.media-amazon.com/images/I/91JUVjbQuUL._AC_UL320_.jpg,https://www.amazon.com/dp/B0BW1XS499,4.7,0,199.99,0.0,104,False,0
B0BFK6ZQT1,"Elevate 32"" Hardside Checked 8 Wheel Expandable Spinner, Ice Blue",https://m.media-amazon.com/images/I/61te7d7335L._AC_UL320_.jpg,https://www.amazon.com/dp/B0BFK6ZQT1,3.3,0,112.0,0.0,104,False,0
B094SRR3VV,"Mountain Products Quadro Pro Hardcase, 28, Total Black",https://m.media-amazon.com/images/I/61b+nitGjdL._AC_UL320_.jpg,https://www.amazon.com/dp/B094SRR3VV,3.9,0,283.36,319.95,104,False,0
B0723FCPPQ,"Expandable Hardside Spinner Luggage, Black, Carry-on 21-Inch",https://m.media-amazon.com/images/I/816lI7bG7ZL._AC_UL320_.jpg,https://www.amazon.com/dp/B0723FCPPQ,4.4,0,68.25,0.0,104,False,0
B07Q6MMW6V,26 Inch Luggage Cover Protector Bag PVC Clear Plastic Suitcase Cover Protectors Travel Luggage Sleeve Protector,https://m.media-amazon.com/images/I/71k2krDD21L._AC_UL320_.jpg,https://www.amazon.com/dp/B07Q6MMW6V,4.1,0,14.99,0.0,104,False,100
B079SDF8Y7,"Ultra Lite Softside Expandable Spinner, Turquoise Blue, Checked Medium 25-Inch",https://m.media-amazon.com/images/I/91Av3gU3+nL._AC_UL320_.jpg,https://www.amazon.com/dp/B079SDF8Y7,4.5,0,109.99,0.0,104,False,0
B08LDPFN1K,X-Bag Large Spinner with Frame - 25 Inch - Suitcases with Wheels - Checked Luggage - Black,https://m.media-amazon.com/images/I/41cjRJ4jetL._AC_UL320_.jpg,https://www.amazon.com/dp/B08LDPFN1K,4.8,0,320.0,0.0,104,False,0
B086GQDWQ9,"Out of Bounds, Smokey Purple, 24-Inch Checked",https://m.media-amazon.com/images/I/81XWDsxpTjL._AC_UL320_.jpg,https://www.amazon.com/dp/B086GQDWQ9,4.3,0,99.99,0.0,104,False,0
B01H19W70I,Designer Luggage Collection - Expandable 24 Inch Softside Bag - Durable Mid-sized Lightweight Checked Suitcase with 4-Rolling Spinner Wheels (Legends Turquoise),https://m.media-amazon.com/images/I/71Q+1ujHhUL._AC_UL320_.jpg,https://www.amazon.com/dp/B01H19W70I,4.4,0,159.99,0.0,104,False,0